"community_area","year","weapons_incidents","weapons_arrests"
"1","2009","49","38"
"1","2010","50","32"
"1","2011","43","36"
"1","2012","73","58"
"1","2013","56","42"
"1","2014","40","30"
"1","2015","29","21"
"1","2016","34","17"
"1","2017","36","24"
"1","2018","29","22"
"1","2019","31","14"
"1","2020","33","16"
"1","2021","47","30"
"1","2022","56","40"
"1","2023","48","30"
"2","2009","25","16"
"2","2010","26","11"
"2","2011","33","26"
"2","2012","18","13"
"2","2013","28","23"
"2","2014","26","18"
"2","2015","33","21"
"2","2016","34","18"
"2","2017","23","13"
"2","2018","32","16"
"2","2019","24","15"
"2","2020","31","16"
"2","2021","31","20"
"2","2022","51","19"
"2","2023","40","22"
"3","2009","25","21"
"3","2010","26","14"
"3","2011","33","26"
"3","2012","44","39"
"3","2013","23","17"
"3","2014","21","16"
"3","2015","21","15"
"3","2016","25","10"
"3","2017","23","17"
"3","2018","27","20"
"3","2019","34","26"
"3","2020","27","20"
"3","2021","29","23"
"3","2022","36","25"
"3","2023","32","26"
"4","2009","9","8"
"4","2010","12","7"
"4","2011","9","6"
"4","2012","11","11"
"4","2013","7","6"
"4","2014","9","7"
"4","2015","10","9"
"4","2016","17","4"
"4","2017","9","6"
"4","2018","9","5"
"4","2019","6","3"
"4","2020","6","1"
"4","2021","10","4"
"4","2022","15","9"
"4","2023","11","10"
"5","2009","6","4"
"5","2010","13","9"
"5","2011","4","4"
"5","2012","4","4"
"5","2013","6","4"
"5","2014","2","1"
"5","2015","1","1"
"5","2016","5","1"
"5","2017","4","2"
"5","2018","3","3"
"5","2019","5","3"
"5","2020","5","0"
"5","2021","8","5"
"5","2022","7","1"
"5","2023","6","4"
"6","2009","12","11"
"6","2010","10","6"
"6","2011","18","18"
"6","2012","24","22"
"6","2013","10","9"
"6","2014","13","13"
"6","2015","13","12"
"6","2016","20","15"
"6","2017","11","9"
"6","2018","12","9"
"6","2019","13","9"
"6","2020","7","6"
"6","2021","25","16"
"6","2022","41","25"
"6","2023","19","16"
"7","2009","11","7"
"7","2010","5","2"
"7","2011","2","1"
"7","2012","4","4"
"7","2013","7","7"
"7","2014","7","6"
"7","2015","6","5"
"7","2016","6","5"
"7","2017","6","4"
"7","2018","13","10"
"7","2019","10","8"
"7","2020","11","9"
"7","2021","23","19"
"7","2022","36","29"
"7","2023","22","18"
"8","2009","35","26"
"8","2010","41","31"
"8","2011","31","28"
"8","2012","28","21"
"8","2013","27","23"
"8","2014","30","25"
"8","2015","28","24"
"8","2016","38","29"
"8","2017","27","22"
"8","2018","42","32"
"8","2019","71","53"
"8","2020","171","156"
"8","2021","286","256"
"8","2022","230","211"
"8","2023","246","235"
"9","2009","1","1"
"9","2015","1","0"
"9","2017","1","1"
"9","2020","1","1"
"9","2022","1","0"
"10","2009","8","6"
"10","2010","4","4"
"10","2011","1","0"
"10","2012","3","2"
"10","2013","7","5"
"10","2014","1","1"
"10","2015","4","2"
"10","2017","4","2"
"10","2018","3","3"
"10","2019","1","1"
"10","2020","3","1"
"10","2021","7","2"
"10","2022","5","2"
"10","2023","7","5"
"11","2009","2","2"
"11","2010","2","2"
"11","2011","3","2"
"11","2012","5","4"
"11","2013","7","5"
"11","2014","11","8"
"11","2015","5","2"
"11","2016","3","2"
"11","2017","4","3"
"11","2018","4","2"
"11","2019","4","1"
"11","2020","2","0"
"11","2021","2","2"
"11","2022","6","3"
"11","2023","8","4"
"12","2009","2","1"
"12","2010","1","1"
"12","2013","2","2"
"12","2014","2","2"
"12","2016","1","0"
"12","2017","4","2"
"12","2018","1","0"
"12","2019","1","1"
"12","2020","3","0"
"12","2021","11","1"
"12","2022","6","2"
"12","2023","6","1"
"13","2009","6","4"
"13","2010","9","6"
"13","2011","6","5"
"13","2012","7","6"
"13","2013","3","3"
"13","2014","8","6"
"13","2015","3","0"
"13","2016","6","4"
"13","2017","4","2"
"13","2018","10","6"
"13","2019","5","1"
"13","2020","8","0"
"13","2021","14","6"
"13","2022","9","4"
"13","2023","7","1"
"14","2009","21","19"
"14","2010","27","20"
"14","2011","23","23"
"14","2012","32","28"
"14","2013","14","12"
"14","2014","21","15"
"14","2015","23","14"
"14","2016","17","9"
"14","2017","23","14"
"14","2018","31","10"
"14","2019","46","20"
"14","2020","53","19"
"14","2021","43","13"
"14","2022","50","17"
"14","2023","44","28"
"15","2009","33","28"
"15","2010","33","26"
"15","2011","24","20"
"15","2012","23","19"
"15","2013","32","26"
"15","2014","21","18"
"15","2015","24","21"
"15","2016","19","12"
"15","2017","17","10"
"15","2018","36","18"
"15","2019","29","14"
"15","2020","38","15"
"15","2021","44","19"
"15","2022","44","22"
"15","2023","42","24"
"16","2009","26","25"
"16","2010","19","16"
"16","2011","23","17"
"16","2012","23","19"
"16","2013","12","9"
"16","2014","10","9"
"16","2015","13","7"
"16","2016","19","8"
"16","2017","14","8"
"16","2018","27","8"
"16","2019","31","12"
"16","2020","29","7"
"16","2021","50","11"
"16","2022","37","16"
"16","2023","43","27"
"17","2009","10","8"
"17","2010","6","6"
"17","2011","3","3"
"17","2012","5","5"
"17","2013","9","9"
"17","2014","6","5"
"17","2015","9","5"
"17","2016","6","6"
"17","2017","12","5"
"17","2018","7","2"
"17","2019","14","12"
"17","2020","13","7"
"17","2021","18","12"
"17","2022","23","9"
"17","2023","14","5"
"18","2009","2","0"
"18","2010","1","1"
"18","2011","6","5"
"18","2012","2","2"
"18","2013","3","1"
"18","2014","2","1"
"18","2015","3","2"
"18","2016","1","1"
"18","2017","3","1"
"18","2018","4","2"
"18","2019","8","2"
"18","2020","13","2"
"18","2021","24","11"
"18","2022","17","11"
"18","2023","15","5"
"19","2009","77","61"
"19","2010","82","69"
"19","2011","80","65"
"19","2012","56","46"
"19","2013","49","38"
"19","2014","40","36"
"19","2015","50","34"
"19","2016","64","38"
"19","2017","53","39"
"19","2018","90","43"
"19","2019","84","52"
"19","2020","148","91"
"19","2021","193","113"
"19","2022","175","106"
"19","2023","161","74"
"20","2009","29","25"
"20","2010","39","31"
"20","2011","27","22"
"20","2012","22","20"
"20","2013","27","21"
"20","2014","18","17"
"20","2015","19","16"
"20","2016","26","14"
"20","2017","28","17"
"20","2018","47","31"
"20","2019","38","22"
"20","2020","48","27"
"20","2021","57","30"
"20","2022","59","34"
"20","2023","66","41"
"21","2009","24","21"
"21","2010","22","17"
"21","2011","22","19"
"21","2012","15","13"
"21","2013","11","9"
"21","2014","12","9"
"21","2015","9","9"
"21","2016","17","12"
"21","2017","13","6"
"21","2018","27","8"
"21","2019","45","17"
"21","2020","35","13"
"21","2021","25","9"
"21","2022","37","14"
"21","2023","31","14"
"22","2009","52","42"
"22","2010","43","34"
"22","2011","40","30"
"22","2012","34","26"
"22","2013","21","16"
"22","2014","27","17"
"22","2015","24","19"
"22","2016","29","23"
"22","2017","35","26"
"22","2018","59","22"
"22","2019","53","30"
"22","2020","72","40"
"22","2021","54","29"
"22","2022","48","27"
"22","2023","54","25"
"23","2009","185","150"
"23","2010","156","119"
"23","2011","134","96"
"23","2012","144","120"
"23","2013","124","96"
"23","2014","108","76"
"23","2015","123","88"
"23","2016","138","89"
"23","2017","190","143"
"23","2018","274","198"
"23","2019","253","184"
"23","2020","322","235"
"23","2021","328","214"
"23","2022","260","155"
"23","2023","259","165"
"24","2009","79","59"
"24","2010","60","34"
"24","2011","57","40"
"24","2012","47","34"
"24","2013","31","24"
"24","2014","17","15"
"24","2015","39","27"
"24","2016","27","16"
"24","2017","49","34"
"24","2018","49","29"
"24","2019","67","43"
"24","2020","75","40"
"24","2021","84","44"
"24","2022","107","63"
"24","2023","93","60"
"25","2009","289","235"
"25","2010","285","236"
"25","2011","275","218"
"25","2012","232","194"
"25","2013","249","194"
"25","2014","219","172"
"25","2015","266","211"
"25","2016","333","223"
"25","2017","445","321"
"25","2018","427","288"
"25","2019","429","277"
"25","2020","595","389"
"25","2021","679","450"
"25","2022","559","377"
"25","2023","593","339"
"26","2009","90","65"
"26","2010","86","66"
"26","2011","87","65"
"26","2012","69","57"
"26","2013","79","58"
"26","2014","78","62"
"26","2015","87","58"
"26","2016","130","95"
"26","2017","147","118"
"26","2018","158","115"
"26","2019","227","183"
"26","2020","307","244"
"26","2021","359","269"
"26","2022","311","217"
"26","2023","224","156"
"27","2009","106","70"
"27","2010","75","52"
"27","2011","68","47"
"27","2012","70","56"
"27","2013","76","57"
"27","2014","52","40"
"27","2015","78","59"
"27","2016","135","104"
"27","2017","112","85"
"27","2018","157","123"
"27","2019","168","135"
"27","2020","207","168"
"27","2021","231","182"
"27","2022","186","131"
"27","2023","153","105"
"28","2009","38","29"
"28","2010","37","32"
"28","2011","33","27"
"28","2012","53","37"
"28","2013","41","33"
"28","2014","31","23"
"28","2015","28","23"
"28","2016","37","25"
"28","2017","56","49"
"28","2018","61","37"
"28","2019","88","63"
"28","2020","110","88"
"28","2021","110","81"
"28","2022","155","118"
"28","2023","151","106"
"29","2009","106","81"
"29","2010","122","96"
"29","2011","135","113"
"29","2012","151","114"
"29","2013","143","113"
"29","2014","124","96"
"29","2015","168","139"
"29","2016","221","165"
"29","2017","362","306"
"29","2018","327","268"
"29","2019","337","257"
"29","2020","446","325"
"29","2021","479","344"
"29","2022","460","349"
"29","2023","393","272"
"30","2009","100","83"
"30","2010","79","60"
"30","2011","60","51"
"30","2012","66","59"
"30","2013","60","47"
"30","2014","69","53"
"30","2015","90","71"
"30","2016","79","62"
"30","2017","146","120"
"30","2018","165","132"
"30","2019","188","125"
"30","2020","263","185"
"30","2021","227","134"
"30","2022","276","160"
"30","2023","278","144"
"31","2009","50","44"
"31","2010","34","30"
"31","2011","39","28"
"31","2012","38","31"
"31","2013","38","28"
"31","2014","23","20"
"31","2015","40","30"
"31","2016","32","22"
"31","2017","48","42"
"31","2018","54","39"
"31","2019","61","39"
"31","2020","71","43"
"31","2021","72","46"
"31","2022","97","63"
"31","2023","104","60"
"32","2009","17","17"
"32","2010","13","12"
"32","2011","9","8"
"32","2012","11","10"
"32","2013","10","10"
"32","2014","8","7"
"32","2015","7","6"
"32","2016","13","9"
"32","2017","12","11"
"32","2018","20","15"
"32","2019","24","19"
"32","2020","102","91"
"32","2021","97","86"
"32","2022","110","98"
"32","2023","106","98"
"33","2009","4","2"
"33","2010","2","2"
"33","2011","8","8"
"33","2012","2","2"
"33","2013","4","3"
"33","2014","5","4"
"33","2015","8","7"
"33","2016","3","3"
"33","2017","8","5"
"33","2018","13","8"
"33","2019","9","6"
"33","2020","39","35"
"33","2021","44","42"
"33","2022","62","54"
"33","2023","66","61"
"34","2009","9","7"
"34","2010","2","2"
"34","2011","7","7"
"34","2012","9","7"
"34","2013","11","10"
"34","2014","7","7"
"34","2015","13","12"
"34","2016","8","5"
"34","2017","17","13"
"34","2018","11","5"
"34","2019","18","9"
"34","2020","27","17"
"34","2021","27","12"
"34","2022","50","39"
"34","2023","30","17"
"35","2009","7","6"
"35","2010","15","13"
"35","2011","17","16"
"35","2012","18","14"
"35","2013","15","11"
"35","2014","23","19"
"35","2015","23","21"
"35","2016","24","18"
"35","2017","20","14"
"35","2018","22","12"
"35","2019","47","24"
"35","2020","72","45"
"35","2021","79","49"
"35","2022","80","65"
"35","2023","101","69"
"36","2009","2","2"
"36","2010","9","8"
"36","2011","10","10"
"36","2012","11","9"
"36","2013","7","5"
"36","2014","9","7"
"36","2015","7","5"
"36","2016","13","8"
"36","2017","5","3"
"36","2018","6","1"
"36","2019","22","10"
"36","2020","26","8"
"36","2021","15","1"
"36","2022","37","16"
"36","2023","25","13"
"37","2009","22","20"
"37","2010","18","15"
"37","2011","25","22"
"37","2012","25","23"
"37","2013","18","15"
"37","2014","13","8"
"37","2015","24","19"
"37","2016","15","10"
"37","2017","25","15"
"37","2018","23","17"
"37","2019","28","19"
"37","2020","34","20"
"37","2021","29","15"
"37","2022","58","39"
"37","2023","55","28"
"38","2009","59","53"
"38","2010","56","42"
"38","2011","49","43"
"38","2012","38","28"
"38","2013","46","36"
"38","2014","45","34"
"38","2015","38","29"
"38","2016","46","38"
"38","2017","61","45"
"38","2018","46","23"
"38","2019","74","30"
"38","2020","114","50"
"38","2021","139","56"
"38","2022","159","93"
"38","2023","152","91"
"39","2009","22","16"
"39","2010","16","13"
"39","2011","17","15"
"39","2012","16","11"
"39","2013","13","12"
"39","2014","12","11"
"39","2015","16","14"
"39","2016","7","5"
"39","2017","11","7"
"39","2018","8","3"
"39","2019","19","13"
"39","2020","17","4"
"39","2021","31","10"
"39","2022","32","16"
"39","2023","38","16"
"40","2009","63","53"
"40","2010","53","45"
"40","2011","75","64"
"40","2012","65","60"
"40","2013","44","40"
"40","2014","33","27"
"40","2015","44","34"
"40","2016","41","32"
"40","2017","55","39"
"40","2018","65","45"
"40","2019","76","33"
"40","2020","81","38"
"40","2021","103","49"
"40","2022","119","70"
"40","2023","143","84"
"41","2009","6","4"
"41","2010","7","5"
"41","2011","4","4"
"41","2012","5","5"
"41","2013","5","5"
"41","2014","4","3"
"41","2015","3","2"
"41","2016","5","4"
"41","2017","5","3"
"41","2018","6","4"
"41","2019","14","9"
"41","2020","17","12"
"41","2021","19","8"
"41","2022","11","7"
"41","2023","22","12"
"42","2009","117","102"
"42","2010","101","82"
"42","2011","116","94"
"42","2012","101","79"
"42","2013","78","61"
"42","2014","67","60"
"42","2015","84","63"
"42","2016","49","42"
"42","2017","76","68"
"42","2018","81","54"
"42","2019","107","75"
"42","2020","153","92"
"42","2021","166","79"
"42","2022","184","101"
"42","2023","203","115"
"43","2009","151","138"
"43","2010","145","123"
"43","2011","135","101"
"43","2012","144","127"
"43","2013","136","102"
"43","2014","125","110"
"43","2015","108","85"
"43","2016","111","89"
"43","2017","174","151"
"43","2018","178","152"
"43","2019","218","157"
"43","2020","297","164"
"43","2021","335","140"
"43","2022","343","162"
"43","2023","337","170"
"44","2009","82","74"
"44","2010","73","59"
"44","2011","87","76"
"44","2012","117","101"
"44","2013","91","86"
"44","2014","102","96"
"44","2015","104","90"
"44","2016","65","49"
"44","2017","111","94"
"44","2018","170","126"
"44","2019","208","148"
"44","2020","269","203"
"44","2021","249","171"
"44","2022","241","149"
"44","2023","286","174"
"45","2009","27","21"
"45","2010","25","21"
"45","2011","20","18"
"45","2012","24","20"
"45","2013","31","28"
"45","2014","20","20"
"45","2015","30","23"
"45","2016","33","25"
"45","2017","25","17"
"45","2018","40","21"
"45","2019","62","48"
"45","2020","71","47"
"45","2021","90","46"
"45","2022","56","35"
"45","2023","50","18"
"46","2009","123","108"
"46","2010","91","83"
"46","2011","136","98"
"46","2012","130","109"
"46","2013","84","67"
"46","2014","112","89"
"46","2015","99","86"
"46","2016","80","60"
"46","2017","112","83"
"46","2018","129","92"
"46","2019","199","136"
"46","2020","167","91"
"46","2021","160","75"
"46","2022","199","93"
"46","2023","194","58"
"47","2009","5","4"
"47","2010","4","4"
"47","2011","4","4"
"47","2012","10","8"
"47","2013","6","5"
"47","2014","5","5"
"47","2015","10","7"
"47","2016","6","4"
"47","2017","26","19"
"47","2018","24","17"
"47","2019","21","14"
"47","2020","20","7"
"47","2021","17","7"
"47","2022","20","8"
"47","2023","27","6"
"48","2009","23","20"
"48","2010","23","22"
"48","2011","30","25"
"48","2012","35","27"
"48","2013","26","22"
"48","2014","22","20"
"48","2015","20","18"
"48","2016","11","6"
"48","2017","23","17"
"48","2018","47","27"
"48","2019","55","39"
"48","2020","55","28"
"48","2021","102","44"
"48","2022","60","28"
"48","2023","72","29"
"49","2009","199","167"
"49","2010","162","128"
"49","2011","172","122"
"49","2012","183","160"
"49","2013","128","117"
"49","2014","160","142"
"49","2015","157","135"
"49","2016","140","107"
"49","2017","187","165"
"49","2018","229","132"
"49","2019","269","157"
"49","2020","337","191"
"49","2021","412","264"
"49","2022","388","258"
"49","2023","353","190"
"50","2009","18","15"
"50","2010","12","11"
"50","2011","13","12"
"50","2012","24","18"
"50","2013","21","20"
"50","2014","19","17"
"50","2015","15","13"
"50","2016","13","9"
"50","2017","36","30"
"50","2018","29","23"
"50","2019","36","24"
"50","2020","48","26"
"50","2021","59","40"
"50","2022","42","33"
"50","2023","46","25"
"51","2009","35","30"
"51","2010","20","20"
"51","2011","44","33"
"51","2012","45","36"
"51","2013","26","23"
"51","2014","46","36"
"51","2015","32","28"
"51","2016","27","19"
"51","2017","52","35"
"51","2018","46","27"
"51","2019","57","35"
"51","2020","77","42"
"51","2021","61","32"
"51","2022","92","37"
"51","2023","93","37"
"52","2009","25","20"
"52","2010","16","13"
"52","2011","27","20"
"52","2012","14","9"
"52","2013","21","18"
"52","2014","15","14"
"52","2015","24","22"
"52","2016","21","12"
"52","2017","34","23"
"52","2018","34","26"
"52","2019","44","27"
"52","2020","59","24"
"52","2021","49","20"
"52","2022","46","15"
"52","2023","74","33"
"53","2009","110","89"
"53","2010","100","86"
"53","2011","141","97"
"53","2012","137","120"
"53","2013","124","115"
"53","2014","115","101"
"53","2015","119","101"
"53","2016","117","102"
"53","2017","136","122"
"53","2018","186","93"
"53","2019","208","114"
"53","2020","245","137"
"53","2021","310","184"
"53","2022","252","171"
"53","2023","248","121"
"54","2009","23","20"
"54","2010","27","26"
"54","2011","26","17"
"54","2012","27","21"
"54","2013","16","16"
"54","2014","40","40"
"54","2015","29","24"
"54","2016","39","25"
"54","2017","43","39"
"54","2018","62","47"
"54","2019","81","61"
"54","2020","74","34"
"54","2021","73","41"
"54","2022","78","40"
"54","2023","60","30"
"55","2009","9","9"
"55","2010","8","6"
"55","2011","8","5"
"55","2012","9","7"
"55","2013","6","4"
"55","2014","7","6"
"55","2015","2","1"
"55","2016","4","2"
"55","2017","9","6"
"55","2018","20","14"
"55","2019","9","6"
"55","2020","8","2"
"55","2021","11","3"
"55","2022","7","1"
"55","2023","21","10"
"56","2009","21","15"
"56","2010","14","13"
"56","2011","7","6"
"56","2012","13","9"
"56","2013","10","9"
"56","2014","10","9"
"56","2015","16","14"
"56","2016","5","4"
"56","2017","15","10"
"56","2018","19","12"
"56","2019","28","11"
"56","2020","31","12"
"56","2021","30","8"
"56","2022","49","10"
"56","2023","62","15"
"57","2009","16","13"
"57","2010","7","3"
"57","2011","12","10"
"57","2012","6","6"
"57","2013","12","10"
"57","2014","11","11"
"57","2015","11","9"
"57","2016","13","11"
"57","2017","5","4"
"57","2018","8","4"
"57","2019","19","8"
"57","2020","21","4"
"57","2021","32","9"
"57","2022","45","11"
"57","2023","51","20"
"58","2009","61","43"
"58","2010","29","19"
"58","2011","46","45"
"58","2012","37","30"
"58","2013","20","17"
"58","2014","34","29"
"58","2015","40","30"
"58","2016","39","30"
"58","2017","39","28"
"58","2018","58","40"
"58","2019","94","59"
"58","2020","101","55"
"58","2021","79","38"
"58","2022","74","27"
"58","2023","84","26"
"59","2009","27","20"
"59","2010","7","5"
"59","2011","17","15"
"59","2012","17","13"
"59","2013","7","6"
"59","2014","2","1"
"59","2015","10","9"
"59","2016","9","6"
"59","2017","17","11"
"59","2018","16","10"
"59","2019","27","10"
"59","2020","43","21"
"59","2021","35","19"
"59","2022","42","19"
"59","2023","26","11"
"60","2009","18","16"
"60","2010","16","10"
"60","2011","8","5"
"60","2012","22","20"
"60","2013","4","3"
"60","2014","8","4"
"60","2015","8","5"
"60","2016","16","14"
"60","2017","16","8"
"60","2018","21","12"
"60","2019","29","7"
"60","2020","49","24"
"60","2021","41","24"
"60","2022","60","22"
"60","2023","32","16"
"61","2009","161","140"
"61","2010","158","111"
"61","2011","133","118"
"61","2012","165","128"
"61","2013","111","84"
"61","2014","86","71"
"61","2015","107","81"
"61","2016","109","77"
"61","2017","140","95"
"61","2018","124","73"
"61","2019","162","74"
"61","2020","222","143"
"61","2021","226","120"
"61","2022","295","149"
"61","2023","285","123"
"62","2009","11","10"
"62","2010","9","6"
"62","2011","10","6"
"62","2012","8","6"
"62","2013","7","4"
"62","2014","7","7"
"62","2015","9","7"
"62","2016","11","11"
"62","2017","7","7"
"62","2018","18","12"
"62","2019","21","12"
"62","2020","30","13"
"62","2021","34","15"
"62","2022","37","17"
"62","2023","44","20"
"63","2009","51","47"
"63","2010","68","43"
"63","2011","61","53"
"63","2012","42","33"
"63","2013","31","24"
"63","2014","28","24"
"63","2015","30","25"
"63","2016","31","22"
"63","2017","38","31"
"63","2018","62","39"
"63","2019","104","56"
"63","2020","115","69"
"63","2021","99","56"
"63","2022","81","50"
"63","2023","127","52"
"64","2009","8","7"
"64","2010","6","5"
"64","2011","8","7"
"64","2012","6","5"
"64","2013","4","4"
"64","2014","3","2"
"64","2015","6","3"
"64","2016","4","4"
"64","2017","4","3"
"64","2018","3","2"
"64","2019","20","11"
"64","2020","19","8"
"64","2021","19","2"
"64","2022","15","6"
"64","2023","28","1"
"65","2009","19","18"
"65","2010","12","9"
"65","2011","9","8"
"65","2012","9","7"
"65","2013","18","16"
"65","2014","10","7"
"65","2015","6","5"
"65","2016","9","7"
"65","2017","17","15"
"65","2018","23","15"
"65","2019","33","10"
"65","2020","36","8"
"65","2021","34","15"
"65","2022","57","30"
"65","2023","67","25"
"66","2009","151","138"
"66","2010","152","119"
"66","2011","152","138"
"66","2012","167","154"
"66","2013","105","88"
"66","2014","113","91"
"66","2015","101","81"
"66","2016","91","65"
"66","2017","129","110"
"66","2018","114","82"
"66","2019","150","83"
"66","2020","262","129"
"66","2021","242","136"
"66","2022","262","151"
"66","2023","214","115"
"67","2009","227","199"
"67","2010","191","146"
"67","2011","264","231"
"67","2012","225","188"
"67","2013","173","143"
"67","2014","206","166"
"67","2015","188","153"
"67","2016","204","152"
"67","2017","263","191"
"67","2018","325","259"
"67","2019","320","250"
"67","2020","455","351"
"67","2021","403","248"
"67","2022","352","192"
"67","2023","337","220"
"68","2009","174","151"
"68","2010","170","125"
"68","2011","157","140"
"68","2012","196","167"
"68","2013","153","133"
"68","2014","156","133"
"68","2015","172","144"
"68","2016","153","116"
"68","2017","257","213"
"68","2018","286","221"
"68","2019","300","243"
"68","2020","429","332"
"68","2021","391","276"
"68","2022","332","217"
"68","2023","302","212"
"69","2009","154","134"
"69","2010","119","101"
"69","2011","161","138"
"69","2012","172","143"
"69","2013","120","100"
"69","2014","117","102"
"69","2015","129","103"
"69","2016","101","78"
"69","2017","161","139"
"69","2018","234","199"
"69","2019","255","197"
"69","2020","428","284"
"69","2021","378","221"
"69","2022","359","194"
"69","2023","374","231"
"70","2009","39","33"
"70","2010","35","27"
"70","2011","27","20"
"70","2012","31","25"
"70","2013","28","21"
"70","2014","15","13"
"70","2015","18","14"
"70","2016","12","9"
"70","2017","28","23"
"70","2018","32","16"
"70","2019","47","13"
"70","2020","74","18"
"70","2021","58","27"
"70","2022","52","22"
"70","2023","95","30"
"71","2009","197","173"
"71","2010","170","141"
"71","2011","170","137"
"71","2012","173","152"
"71","2013","151","133"
"71","2014","142","124"
"71","2015","163","137"
"71","2016","133","114"
"71","2017","260","224"
"71","2018","315","225"
"71","2019","317","235"
"71","2020","376","261"
"71","2021","392","292"
"71","2022","311","194"
"71","2023","303","181"
"72","2009","4","3"
"72","2010","4","3"
"72","2011","5","2"
"72","2012","5","5"
"72","2013","2","2"
"72","2014","3","3"
"72","2015","2","1"
"72","2016","7","6"
"72","2017","1","1"
"72","2018","2","2"
"72","2019","5","3"
"72","2020","6","4"
"72","2021","18","14"
"72","2022","18","14"
"72","2023","15","15"
"73","2009","85","72"
"73","2010","70","63"
"73","2011","74","58"
"73","2012","54","48"
"73","2013","71","63"
"73","2014","51","43"
"73","2015","38","35"
"73","2016","51","44"
"73","2017","60","46"
"73","2018","60","49"
"73","2019","84","68"
"73","2020","117","100"
"73","2021","144","120"
"73","2022","120","101"
"73","2023","88","71"
"74","2009","4","2"
"74","2010","8","7"
"74","2011","2","2"
"74","2013","1","1"
"74","2014","1","1"
"74","2015","2","2"
"74","2017","2","2"
"74","2018","1","1"
"74","2019","1","1"
"74","2020","3","3"
"74","2021","4","4"
"74","2022","7","6"
"74","2023","11","9"
"75","2009","42","34"
"75","2010","31","27"
"75","2011","32","27"
"75","2012","34","31"
"75","2013","29","24"
"75","2014","28","22"
"75","2015","22","21"
"75","2016","22","18"
"75","2017","38","29"
"75","2018","38","30"
"75","2019","35","29"
"75","2020","45","36"
"75","2021","54","42"
"75","2022","65","61"
"75","2023","56","49"
"76","2009","7","5"
"76","2010","11","8"
"76","2011","4","4"
"76","2012","7","7"
"76","2013","1","1"
"76","2014","8","8"
"76","2015","7","5"
"76","2016","2","2"
"76","2017","7","6"
"76","2018","11","11"
"76","2019","7","6"
"76","2020","5","5"
"76","2021","13","11"
"76","2022","9","5"
"76","2023","18","15"
"77","2009","14","12"
"77","2010","14","9"
"77","2011","21","15"
"77","2012","15","12"
"77","2013","18","13"
"77","2014","12","10"
"77","2015","16","9"
"77","2016","18","8"
"77","2017","10","8"
"77","2018","6","4"
"77","2019","5","5"
"77","2020","5","1"
"77","2021","6","1"
"77","2022","13","9"
"77","2023","17","11"
